{
  "KASARAGOD": {
    "minX": 2,
    "minY": 2,
    "maxX": 45.24812038490806,
    "maxY": 55.963396339633924
  },
  "KANNUR": {
    "minX": 24.764220193588805,
    "minY": 39.88478847884782,
    "maxX": 84.16947973987016,
    "maxY": 87.8445844584458
  },
  "WAYANAD": {
    "minX": 71.34511596642837,
    "minY": 64.55475547554752,
    "maxX": 122.7595105474948,
    "maxY": 104.9582958295829
  },
  "KOZHIKODE": {
    "minX": 53.23898535012297,
    "minY": 77.97659765976586,
    "maxX": 99.95631052480805,
    "maxY": 130.04230423042304
  },
  "MALAPPURAM": {
    "minX": 75.4379980217823,
    "minY": 99.05820582058206,
    "maxX": 130.86731500000573,
    "maxY": 163.57965796579657
  },
  "PALAKKAD": {
    "minX": 90.81554060118361,
    "minY": 121.24392439243923,
    "maxX": 158.25064494178,
    "maxY": 190.5613561356136
  },
  "THRISSUR": {
    "minX": 85.4363241855757,
    "minY": 156.23042304230418,
    "maxX": 157.78288699259593,
    "maxY": 202.77557755775572
  },
  "IDUKKI": {
    "minX": 136.85071876664213,
    "minY": 188.7671767176717,
    "maxX": 196.8796555785026,
    "maxY": 271.8859885988599
  },
  "ERNAKULAM": {
    "minX": 101.55448351785104,
    "minY": 192.9420942094209,
    "maxX": 172.06899435723736,
    "maxY": 232.34503450345028
  },
  "ALAPPUZHA": {
    "minX": 109.99361651770047,
    "minY": 224.58175817581755,
    "maxX": 141.2554394547851,
    "maxY": 285.8943894389439
  },
  "KOTTAYAM": {
    "minX": 116.69814712266141,
    "minY": 226.75547554755477,
    "maxX": 164.2145587938669,
    "maxY": 262.08700870087006
  },
  "PATHANAMTHITTA": {
    "minX": 125.05932046431278,
    "minY": 255.013801380138,
    "maxX": 186.97877898745568,
    "maxY": 287.2745274527452
  },
  "KOLLAM": {
    "minX": 125.27370952435528,
    "minY": 279.5112511251125,
    "maxX": 185.4585656526097,
    "maxY": 311.047404740474
  },
  "THIRUVANANTHAPURAM": {
    "minX": 140.31992355641916,
    "minY": 303.31863186318634,
    "maxX": 187.09571847475172,
    "maxY": 347
  }
}